 ,Cell Name,Number of Surfels,Center X,Center Y,Center Z,Frame,Channel,Mesh ?,Euler characteristic,Free edges,Surface,Volume,Real Surface,Real Volume
1,cell_5,784,46.824157715,152.000701904,8.452089310,1,1,YES,2,0,2885.979492188,13157.931640625,73.881073134,53.894887864
2,cell_6,887,137.848556519,478.682464600,9.613236745,1,1,YES,2,0,3319.603271484,15915.530273438,84.981841603,65.190011835
3,cell_7,926,348.186248779,401.619232178,7.557452520,1,1,YES,2,0,3471.499511719,16865.666015625,88.870385255,69.081767826
4,cell_8,440,486.352142334,202.889801025,9.983447393,1,1,YES,2,0,1653.132324219,6080.765625000,42.320186431,24.906815937
