 ,Cell Name,Number of Surfels,Center X,Center Y,Center Z,Frame,Channel,Mesh ?,Euler characteristic,Free edges,Surface,Volume,Real Surface,Real Volume
1,cell_9,548,209.427566528,157.697174072,11.056409836,1,1,YES,2,0,2041.514038086,8383.312500000,52.262758055,34.338047913
2,cell_10,673,343.289764404,163.034957886,11.546986898,1,1,YES,2,0,2473.254150391,11147.996093750,63.315304651,45.662191885
3,cell_11,443,417.331024170,232.784881592,12.705347697,1,1,YES,2,0,1673.537475586,5809.666015625,42.842558293,23.796391940
4,cell_12,320,231.278839111,423.654724121,9.491242727,1,1,YES,2,0,1188.838012695,3652.230224609,30.434252356,14.959534962
