 ,Cell Name,Number of Surfels,Center X,Center Y,Center Z,Frame,Channel,Mesh ?,Euler characteristic,Free edges,Surface,Volume,Real Surface,Real Volume
1,cell_13,627,64.795860291,199.447814941,11.835084279,1,1,YES,2,0,2348.336425781,9567.040039062,60.117410981,39.186595901
2,cell_14,473,258.827941895,119.312377930,10.372137070,1,1,YES,2,0,1735.536499023,6416.533691406,44.429733253,26.282121934
3,cell_15,558,251.761428833,193.260070801,12.430486043,1,1,YES,2,0,2056.449707031,8065.189941406,52.645111170,33.035017917
4,cell_16,850,162.475723267,360.574310303,11.551895777,1,1,YES,2,0,3177.931640625,15365.656250000,81.355047945,62.937727841
