 ,Cell Name,Number of Surfels,Center X,Center Y,Center Z,Frame,Channel,Mesh ?,Euler characteristic,Free edges,Surface,Volume,Real Surface,Real Volume
1,cell_18,406,247.877014160,31.991376877,10.189205170,1,1,YES,2,0,1496.534301758,5174.860839844,38.311277157,21.196229946
2,cell_19,795,245.561203003,121.600532532,11.374933879,1,1,YES,2,0,2991.150390625,14877.149414062,76.573448066,60.936803846
3,cell_20,503,128.318420410,409.465789795,10.097835541,1,1,YES,2,0,1855.842163086,7191.421386719,47.509558175,29.456061926
