 ,Cell Name,Number of Surfels,Center X,Center Y,Center Z,Frame,Channel,Mesh ?,Euler characteristic,Free edges,Surface,Volume,Real Surface,Real Volume
1,cell_73,292,154.000045776,235.502227783,8.003881454,1,1,YES,2,0,1181.908203125,3804.360839844,30.256849236,15.582661961
2,cell_74,91,36.499992371,297.500030518,7.991842906,1,1,YES,2,0,367.175994873,652.285156250,9.399705231,2.671759993
3,cell_75,183,375.000000000,373.501678467,7.988966624,1,1,YES,2,0,742.014221191,1888.109375000,18.995563583,7.733695980
