 ,Cell Name,Number of Surfels,Center X,Center Y,Center Z,Frame,Channel,Mesh ?,Euler characteristic,Free edges,Surface,Volume,Real Surface,Real Volume
1,cell_79,128,423.999969482,206.003280640,8.000621796,1,1,YES,2,0,518.088684082,1098.371459961,13.263069977,4.498929489
2,cell_80,221,298.500000000,195.499984741,8.001307170,1,1,YES,2,0,895.184020996,2504.401611328,22.916710359,10.258028974
