 ,Cell Name,Number of Surfels,Center X,Center Y,Center Z,Frame,Channel,Mesh ?,Euler characteristic,Free edges,Surface,Volume,Real Surface,Real Volume
1,cell_76,275,46.500000000,399.500213623,7.990838369,1,1,YES,2,0,1121.326660156,3514.947265625,28.705961775,14.397223964
2,cell_77,128,219.000000000,336.003295898,8.000621796,1,1,YES,2,0,518.088745117,1098.371704102,13.263071540,4.498930489
3,cell_78,147,359.999969482,401.999938965,7.994571686,1,1,YES,2,0,602.715759277,1379.124145508,15.429523048,5.648892486
