 ,Cell Name,Number of Surfels,Center X,Center Y,Center Z,Frame,Channel,Mesh ?,Euler characteristic,Free edges,Surface,Volume,Real Surface,Real Volume
1,cell_68,137,265.999969482,88.500015259,9.997044245,1,1,YES,2,0,559.617980957,1233.722167969,14.326219951,5.053325987
2,cell_69,91,394.500000000,134.500000000,7.991842906,1,1,YES,2,0,367.175537109,652.316467285,9.399693513,2.671888243
3,cell_70,91,394.500000000,134.500000000,7.991842906,1,1,YES,2,0,367.175537109,652.316467285,9.399693513,2.671888243
4,cell_71,147,342.000000000,356.999938965,7.994571686,1,1,YES,2,0,602.715759277,1379.124145508,15.429523048,5.648892486
5,cell_72,159,353.500000000,430.000091553,8.007188797,1,1,YES,2,0,647.624511719,1537.486572266,16.579187081,6.297544984
